,City,Latitude,Longitude,Temperature,Max Temperature,Humidity,Cloudiness,Wind Speed
0,nola,14.53,40.92,78.44,80.6,42,0,8.05
1,mbaiki,17.99,3.87,71.28,71.28,97,79,1.57
2,harper,-7.72,4.38,76.66,76.66,86,88,11.79
3,mosquera,-74.23,4.71,66.2,66.2,48,40,12.75
4,salinopolis,-47.36,-0.61,82.98,82.98,74,8,11.7
5,ouango,22.56,4.31,74.8,74.8,82,46,2.15
6,kudahuvadhoo,72.89,2.67,82.8,82.8,79,58,19.28
7,amapa,-52.0,1.0,96.22,96.22,30,64,4.7
8,victoria,114.16,22.29,81.7,84.0,79,37,8.99
9,takoradi,-1.76,4.88,77.04,77.04,82,43,8.68
10,acarau,-40.12,-2.89,87.01,87.01,53,8,20.31
11,bonfim,-59.95,3.08,91.78,91.78,50,86,5.37
12,isiro,27.62,2.77,70.92,70.92,86,57,1.79
13,hobyo,48.53,5.35,76.8,76.8,79,63,27.54
14,kitgum,32.89,3.28,68.54,68.54,88,35,3.0
15,camocim,-40.84,-2.9,88.05,88.05,50,1,15.59
16,mandera,41.87,3.94,87.69,87.69,34,91,14.54
17,bubaque,-15.83,11.28,79.95,79.95,80,20,11.68
18,bonthe,-12.51,7.53,78.04,78.04,84,82,8.19
19,sao filipe,-24.5,14.9,80.94,80.94,82,83,23.22
20,tutoia,-42.27,-2.76,84.29,84.29,63,23,12.19
21,lethem,-59.8,3.38,90.18,90.18,56,82,3.4
22,yumbe,31.25,3.47,67.14,67.14,91,56,3.94
23,carutapera,-46.02,-1.2,85.23,85.23,64,3,10.0
24,mapiripan,-72.13,2.89,86.58,86.58,69,13,2.71
25,touros,-35.46,-5.2,80.6,80.6,74,75,19.46
26,san cristobal,-72.22,7.77,91.4,91.4,46,40,19.46
27,inirida,-67.92,3.87,94.3,94.3,44,39,3.76
28,wajid,43.25,3.81,83.25,83.25,44,87,19.1
29,caucaia,-38.65,-3.74,82.04,84.2,66,20,20.8
30,banda aceh,95.32,5.56,80.02,80.02,78,34,7.61
31,kribi,9.92,2.95,76.87,76.87,89,99,11.54
32,bondo,23.69,3.81,72.25,72.25,91,81,1.54
33,matara,80.54,5.95,78.98,78.98,88,33,7.72
34,grand-santi,-54.38,4.25,90.91,90.91,50,49,3.58
35,watsa,29.54,3.04,66.45,66.45,95,64,1.7
36,dagua,-76.69,3.66,83.57,84.2,54,75,6.93
37,businga,20.88,3.33,77.7,77.7,79,93,2.17
38,san-pedro,-6.64,4.75,76.26,76.26,86,79,9.69
39,mongoumba,18.59,3.64,71.96,71.96,94,83,2.13
40,hambantota,81.12,6.12,81.34,81.34,79,76,15.66
41,lolodorf,10.73,3.23,71.04,71.04,96,100,2.86
42,galle,80.22,6.04,79.93,79.93,86,35,7.81
43,mahibadhoo,72.97,3.78,82.51,82.51,78,31,19.42
44,boa vista,-60.67,2.82,91.4,91.4,52,75,9.17
45,itarema,-39.92,-2.92,85.48,85.48,57,11,19.64
46,lodwar,35.6,3.12,90.14,90.14,28,0,5.17
47,sassandra,-6.08,4.95,76.26,76.26,86,80,10.18
48,gemena,19.77,3.25,75.07,75.07,87,80,2.24
49,eyl,49.82,7.98,76.03,76.03,79,57,21.41
50,akonolinga,12.25,3.77,70.9,70.9,95,89,5.26
51,camopi,-52.32,3.17,92.34,92.34,43,68,4.68
52,kaabong,34.15,3.48,68.31,68.31,70,31,1.63
53,esmeraldas,-44.31,-19.76,86.0,86.0,20,1,6.93
54,luba,8.55,3.46,77.0,77.0,100,75,11.41
55,mega,38.3,4.05,67.01,67.01,53,29,9.35
56,saint-georges,-61.75,12.06,87.8,87.8,70,75,13.87
57,jardim,-56.14,-21.48,95.68,95.68,22,2,6.11
58,weligama,80.42,5.97,79.12,79.12,88,34,7.27
59,jacqueville,-4.41,5.21,78.8,78.8,83,20,11.41
60,jamundi,-76.53,3.26,83.57,84.2,54,75,6.93
61,wanlaweyn,44.89,2.62,76.55,76.55,69,80,19.64
62,yenagoa,6.26,4.92,76.1,76.1,88,88,7.83
63,buta,24.73,2.79,74.01,74.01,89,63,0.96
64,axim,-2.24,4.87,77.0,77.0,82,65,8.79
65,yokadouma,15.05,3.52,72.43,72.43,91,70,2.46
66,fuente de oro,-73.61,3.46,86.68,86.68,67,11,1.61
67,adjumani,31.79,3.38,68.99,68.99,91,43,1.57
68,puerto baquerizo moreno,-89.6,-0.9,69.8,69.8,88,75,16.11
69,mumford,-0.76,5.26,75.69,75.69,86,52,10.27
70,wattegama,81.48,6.8,79.23,79.23,78,45,4.07
71,puerto ayora,-90.35,-0.74,72.54,75.2,60,20,16.11
72,moyale,39.06,3.52,77.0,77.0,44,23,10.8
73,paracuru,-39.03,-3.41,80.01,80.01,75,6,21.0
74,pizarro,-77.37,4.95,77.99,77.99,90,99,10.42
75,mattru,-11.83,7.62,76.55,76.55,89,77,4.29
76,cape coast,-1.25,5.11,76.23,76.23,85,40,9.73
77,anloga,0.9,5.79,80.6,80.6,78,40,12.75
78,aipe,-75.24,3.22,90.79,90.79,40,44,7.09
79,puerto tejada,-76.42,3.23,83.57,84.2,54,75,6.93
80,muisne,-80.03,0.6,80.6,80.6,74,90,5.82
81,buchanan,-10.05,5.88,80.6,80.6,83,75,12.75
82,cururupu,-44.87,-1.83,86.14,86.14,60,23,6.6
83,trairi,-39.27,-3.28,85.14,85.14,56,5,16.67
84,puerto lleras,-73.4,3.02,86.16,86.16,69,13,1.92
85,el dorado,-92.67,33.21,84.2,84.2,79,1,3.36
86,monrovia,-10.8,6.3,80.6,80.6,83,75,12.75
87,koboko,30.96,3.41,64.85,64.85,91,57,2.86
88,abonnema,6.79,4.71,77.02,77.02,83,100,10.38
89,sangmelima,11.98,2.93,69.69,69.69,97,99,3.62
90,muli,73.57,2.92,82.83,82.83,78,62,20.29
91,abong mbang,13.18,3.98,69.73,69.73,95,96,3.78
92,buenaventura,-77.03,3.88,82.11,82.11,80,96,6.31
93,kasongo-lunda,16.82,-6.47,82.89,82.89,45,43,2.1
94,bulungu,18.6,-4.55,83.57,83.57,45,49,1.34
95,georgetown,100.34,5.41,77.63,78.8,94,20,4.5
96,chulucanas,-80.16,-5.09,88.84,88.84,27,0,9.13
97,amarante do maranhao,-46.74,-5.57,99.36,99.36,18,1,5.41
98,requena,-1.1,39.49,75.99,75.99,48,0,8.01
99,demba,22.27,-5.51,79.2,79.2,37,28,2.39
100,itupiranga,-49.33,-5.13,96.8,96.8,37,40,5.82
101,tamboril,-70.61,19.49,84.6,86.0,83,75,19.46
102,talara,-81.27,-4.58,75.2,75.2,50,0,14.99
103,novo aripuana,-60.38,-5.12,97.05,97.05,34,63,3.69
104,kongolo,27.0,-5.38,84.6,84.6,25,0,0.87
105,tabora,32.8,-5.02,74.89,74.89,31,62,1.92
106,crateus,-40.68,-5.18,96.78,96.78,22,18,8.19
107,micheweni,39.83,-4.97,76.01,76.01,79,1,12.91
108,hithadhoo,73.08,-0.6,82.78,82.78,76,34,15.77
109,cabedelo,-34.83,-6.98,82.4,82.4,61,40,18.34
110,castelo do piaui,-41.55,-5.32,99.88,99.88,20,4,6.22
111,sitio novo do tocantins,-47.46,-5.52,102.13,102.13,18,40,5.48
112,kaliua,31.79,-5.06,75.58,75.58,32,39,2.77
113,caxias,-9.28,38.7,82.11,84.2,28,0,21.92
114,saquena,-73.52,-4.67,92.53,92.53,44,36,2.1
115,carauari,-66.9,-4.88,93.18,93.18,46,66,3.0
116,natal,-35.21,-5.79,80.6,80.6,74,75,19.46
117,meulaboh,96.13,4.14,78.66,78.66,85,90,3.71
118,mayumba,10.66,-3.43,74.98,74.98,85,98,10.54
119,lusambo,23.45,-4.97,79.16,79.16,37,3,1.21
120,itaituba,-55.98,-4.28,103.87,103.87,18,53,4.5
121,canutama,-64.38,-6.53,100.47,100.47,24,18,2.91
122,kigoma,29.63,-4.88,74.73,74.73,62,0,3.31
123,barranca,-77.77,-10.75,64.71,64.71,68,62,11.88
124,luebo,21.42,-5.35,81.72,81.72,36,7,2.21
125,kikwit,18.82,-5.04,86.45,86.45,36,96,1.28
126,teresina,-42.8,-5.09,93.2,93.2,34,40,5.82
127,loandjili,11.86,-4.76,75.2,75.2,83,75,6.93
128,esperantinopolis,-44.71,-4.87,97.99,97.99,24,29,3.4
129,gamba,10.0,-2.65,75.4,75.4,84,56,11.45
130,manicore,-61.3,-5.81,102.25,102.25,26,21,4.99
131,macau,113.55,22.2,84.2,84.2,89,20,8.05
132,kondoa,35.78,-4.9,68.23,68.23,50,91,3.74
133,morada nova,-38.37,-5.11,98.04,98.04,25,62,7.47
134,ilebo,20.58,-4.32,81.03,81.03,43,23,0.51
135,jutai,-68.9,-5.18,92.01,92.01,48,79,2.64
136,tshela,12.93,-4.98,74.91,74.91,76,91,3.22
137,sao felix do xingu,-51.99,-6.64,103.41,103.41,12,94,4.36
138,jacareacanga,-57.75,-6.22,93.81,93.81,36,82,3.4
139,ndago,34.35,-4.6,74.55,74.55,35,89,8.39
140,paita,-81.11,-5.09,75.2,75.2,50,0,14.99
141,chanika,38.02,-5.42,66.15,66.15,87,56,6.04
142,sao miguel,-35.37,-5.47,80.6,80.6,74,75,19.46
143,benjamin constant,-70.03,-4.38,86.81,89.6,79,40,5.82
144,tabou,-7.35,4.42,76.6,76.6,85,75,11.32
145,lamu,40.9,-2.27,76.01,76.01,78,48,16.04
146,lubao,120.55,14.92,82.4,82.4,83,75,2.24
147,mbanza-ngungu,14.87,-5.25,78.37,78.37,62,89,8.55
148,barauna,-37.62,-5.08,100.4,100.4,31,75,10.29
149,kasangulu,15.17,-4.59,79.7,80.6,65,20,6.93
150,areia branca,-37.14,-4.96,100.4,100.4,31,75,10.29
151,nisia floresta,-35.21,-6.09,80.6,80.6,78,75,17.22
152,port-gentil,8.78,-0.72,77.0,77.0,83,75,18.14
153,huancabamba,-79.45,-5.24,72.05,72.05,43,52,5.3
154,tambo grande,-80.34,-4.93,89.06,89.06,28,0,10.36
155,morropon,-79.97,-5.18,89.04,89.04,27,1,7.78
156,lagunas,-75.68,-5.23,98.64,98.64,33,18,3.06
157,mweka,21.57,-4.85,79.0,79.0,41,33,1.83
158,grajau,-46.14,-5.82,100.24,100.24,19,0,6.17
159,borba,-59.59,-4.39,98.47,98.47,31,45,3.87
160,alto longa,-42.21,-5.25,99.64,99.64,21,1,5.91
161,nguruka,31.04,-5.11,73.45,73.45,38,20,4.03
162,tanga,39.1,-5.07,74.21,74.21,83,2,9.22
163,mungaa,34.88,-4.97,67.55,67.55,43,90,4.29
164,san ignacio,-89.07,17.16,84.2,84.2,74,75,4.7
165,kibaya,36.57,-5.3,60.24,60.24,78,79,7.0
166,colan,-80.23,7.59,80.28,80.28,81,96,8.37
167,piura,-80.63,-5.2,84.85,84.85,32,0,13.24
168,kismayo,42.55,-0.36,76.78,76.78,74,64,16.87
169,puma,34.73,-5.0,67.06,67.06,44,81,5.86
170,marzuq,46.47,14.4,82.08,82.08,32,12,4.38
171,faya,42.45,18.39,76.1,77.0,19,2,9.17
172,taoudenni,-3.98,22.68,106.5,106.5,17,21,5.91
173,sagua la grande,-80.08,22.81,87.8,87.8,66,75,14.99
174,atar,-13.05,20.52,107.78,107.78,14,22,15.7
175,bathsheba,-59.52,13.22,87.8,87.8,70,40,14.99
176,clarence town,151.78,-32.58,60.6,61.0,93,90,6.93
177,ormara,64.64,25.21,81.0,81.0,83,39,9.35
178,codrington,141.97,-38.27,45.54,45.54,90,0,8.1
179,nizwa,57.53,22.93,88.65,88.65,28,85,10.04
180,ponta do sol,-17.1,32.67,74.91,77.0,65,40,8.05
181,mantua,10.78,45.17,75.61,77.0,72,0,5.35
182,the valley,-63.06,18.22,87.37,89.6,70,40,16.11
183,tahta,31.5,26.77,93.36,96.8,28,1,5.82
184,abu samrah,37.18,35.3,90.16,90.16,17,4,10.42
185,aswan,32.91,24.09,97.07,97.07,12,20,4.45
186,mecca,39.83,21.43,92.07,92.07,32,13,3.36
187,jhabua,74.6,22.77,79.2,79.2,77,54,0.45
188,nouadhibou,-17.03,20.93,80.6,80.6,69,0,17.22
189,saint-francois,3.91,46.42,86.07,87.8,31,0,2.24
190,abu dhabi,54.37,24.47,93.2,93.2,67,5,6.93
191,isla mujeres,-86.73,21.23,86.95,89.6,66,75,12.75
192,samana,-69.34,19.21,80.6,80.6,94,40,4.7
193,buraydah,43.98,26.33,95.0,95.0,19,40,5.82
194,baduria,88.79,22.74,86.0,86.0,94,40,5.82
195,gat,34.76,31.61,86.16,89.01,22,0,5.37
196,dakor,73.15,22.75,84.2,84.2,83,40,2.46
197,pasni,63.47,25.26,81.05,81.05,81,99,9.31
198,jalu,21.55,29.03,96.31,96.31,22,0,19.91
199,dindori,81.08,22.95,74.16,74.16,87,0,0.6
200,road town,-64.62,18.42,87.93,88.0,70,40,14.99
201,jiwani,61.74,25.05,81.73,81.73,76,59,7.74
202,nuevitas,-77.26,21.55,89.6,89.6,55,40,13.87
203,pasan,82.2,22.85,74.97,74.97,88,13,2.35
204,sur,59.53,22.57,81.32,81.32,65,5,10.85
205,okha,142.95,53.57,55.78,55.78,97,97,10.96
206,cockburn town,-71.14,21.46,86.0,86.0,66,40,12.75
207,babai,77.93,22.7,77.92,77.92,83,5,2.98
208,keti bandar,67.45,24.14,82.89,82.89,80,0,9.22
209,ibra,58.53,22.69,84.25,84.25,38,0,6.78
210,jashpurnagar,84.15,22.9,73.78,73.78,87,28,1.88
211,riyadh,46.72,24.69,98.6,98.6,17,75,4.7
212,umm lajj,37.27,25.02,91.62,91.62,49,48,8.84
213,hoshangabad,77.72,22.75,78.3,78.3,82,5,2.59
214,pendra,81.95,22.77,74.19,74.19,89,5,2.33
215,morvi,70.83,22.82,88.0,88.0,10,8,6.29
216,bolondron,-81.45,22.76,82.4,82.4,83,75,8.05
217,jodiya,70.31,22.69,88.0,88.0,10,0,9.46
218,alacranes,-81.57,22.77,82.4,82.4,83,75,8.05
219,harrai,79.22,22.62,75.42,75.42,81,20,2.21
220,mahudha,72.93,22.82,84.2,84.2,83,40,2.33
221,arlit,7.39,18.74,99.97,99.97,23,0,7.52
222,rajgarh,75.38,28.63,88.63,88.63,58,42,9.73
223,panaba,-88.27,21.28,92.73,92.73,53,17,11.97
224,tessalit,1.01,20.2,97.74,97.74,21,57,8.68
225,khatra,86.85,22.98,79.63,79.63,90,20,7.83
226,progreso,-89.67,21.28,82.4,82.4,83,75,9.17
227,caibarien,-79.47,22.52,87.8,87.8,66,75,14.99
228,rancho veloz,-80.39,22.88,87.8,87.8,66,75,14.99
229,calabazar de sagua,-79.9,22.64,87.8,87.8,66,75,14.99
230,kharar,76.65,30.74,84.2,84.2,42,40,2.24
231,san diego de los banos,-83.37,22.65,90.84,90.84,56,79,10.71
232,bahia honda,-83.16,22.9,88.68,88.68,64,83,12.77
233,pathalgaon,83.47,22.57,76.41,76.41,81,12,1.68
234,sohagpur,78.2,22.7,77.63,77.63,83,3,3.53
235,kareli,79.07,22.92,77.32,77.32,81,14,3.47
236,satkhira,89.1,22.72,86.0,86.0,94,40,5.82
237,jugsalai,86.18,22.77,82.63,82.63,73,11,3.6
238,chambas,-78.91,22.19,87.8,87.8,74,75,12.75
239,lakhnadon,79.6,22.6,75.29,75.29,83,20,1.41
240,dahod,74.27,22.83,80.06,80.06,75,52,1.28
241,quemado de guines,-80.25,22.79,87.8,87.8,66,75,14.99
242,remedios,-79.55,22.49,87.8,87.8,66,75,14.99
243,kannod,76.73,22.67,78.01,78.01,80,3,3.09
244,sanand,72.38,22.98,84.2,84.2,83,40,5.1
245,perico,-81.02,22.77,82.4,82.4,83,75,8.05
246,los arabos,-80.72,22.73,88.66,88.66,65,89,12.44
247,bagli,76.35,22.65,75.22,75.22,82,2,2.19
248,naliya,68.83,23.27,82.85,82.85,77,3,8.19
249,loiza,-65.88,18.43,88.5,89.6,66,40,14.99
250,vejalpur,73.57,22.68,82.2,82.2,74,46,1.23
251,hatillo,-66.83,18.49,81.97,82.99,78,95,8.01
252,gaurela,81.9,22.75,73.9,73.9,89,5,2.21
253,rehti,77.43,22.73,78.22,78.22,81,3,1.39
254,mundra,69.73,22.85,83.95,83.95,75,0,9.53
255,phultala,89.52,22.7,80.89,80.89,87,96,5.88
256,mandla,80.38,22.6,75.36,75.36,88,20,0.87
257,bredasdorp,20.04,-34.53,59.0,59.0,72,73,10.29
258,cape town,18.42,-33.93,59.23,61.0,72,40,12.75
259,punta arenas,-70.92,-53.15,45.27,46.0,75,75,10.29
260,mar del plata,-57.56,-38.0,55.47,55.47,56,15,9.04
261,ushuaia,-68.3,-54.8,39.2,39.2,80,40,4.7
262,kruisfontein,24.73,-34.0,70.0,70.0,47,8,3.0
263,port alfred,26.89,-33.59,73.94,73.94,56,9,18.23
264,east london,27.91,-33.02,66.2,66.2,88,0,9.17
265,cidreira,-50.21,-30.18,60.31,60.31,69,35,7.52
266,souillac,57.52,-20.52,68.0,68.0,77,40,14.99
267,arraial do cabo,-42.03,-22.97,90.12,93.2,48,0,9.17
268,port elizabeth,25.57,-33.92,69.8,69.8,68,6,11.41
269,chuy,-53.46,-33.7,60.98,60.98,68,6,9.84
270,busselton,115.33,-33.65,56.59,57.99,85,99,10.85
271,hermanus,19.23,-34.42,59.0,59.0,77,70,8.99
272,saint-philippe,55.77,-21.36,61.9,69.8,73,40,11.41
273,jamestown,-79.24,42.1,68.56,70.0,55,40,11.41
274,mahebourg,57.7,-20.41,68.0,68.0,77,40,14.99
275,dzierzoniow,16.65,50.73,62.38,64.0,82,34,1.01
276,ozimek,18.21,50.68,66.65,66.99,86,52,3.8
277,kinsale,-8.53,51.71,59.99,61.0,67,75,13.87
278,moose factory,-80.61,51.26,55.4,55.4,82,75,18.34
279,bantry,-9.45,51.68,59.0,59.0,77,20,8.05
280,bonavista,-53.11,48.65,65.14,65.14,75,68,19.98
281,chapais,-74.85,49.78,55.4,55.4,58,75,18.34
282,janow lubelski,22.41,50.71,69.01,71.01,52,31,3.0
283,derzhavinsk,66.32,51.1,51.84,51.84,53,96,5.86
284,batamshinskiy,58.27,50.56,51.8,51.8,40,0,6.71
285,totton,-1.49,50.92,62.11,64.0,67,40,4.7
286,nanortalik,-45.24,60.14,45.12,45.12,90,100,12.77
287,skibbereen,-9.27,51.55,59.0,59.0,67,75,13.87
288,hornepayne,-84.77,49.21,57.9,57.9,57,67,12.15
289,saint-augustin,-58.65,51.23,62.94,62.94,94,100,21.18
290,hoshcha,26.67,50.6,59.41,59.41,82,1,6.76
291,sribne,32.92,50.66,66.38,66.38,69,100,3.74
292,bolshevik,27.57,54.01,59.0,59.0,82,63,2.24
293,lagoa,-27.98,39.05,71.94,71.94,84,10,20.07
294,horodnytsya,27.32,50.81,59.27,59.27,83,0,5.55
295,ekibastuz,75.37,51.67,49.69,49.69,64,65,13.62
296,dingle,122.67,11.0,77.45,77.45,88,77,2.1
297,kobyzhcha,31.5,50.83,64.24,64.4,82,98,11.18
298,albanel,-72.45,48.88,64.4,64.4,45,40,17.22
299,chingirlau,54.08,51.09,59.25,59.25,42,0,10.18
300,port-cartier,-66.87,50.03,60.4,62.01,82,20,10.29
301,yelan,43.74,50.95,58.98,58.98,51,99,8.93
302,kosh-agach,88.67,50.0,48.6,48.6,69,60,1.88
303,hunfeld,9.77,50.68,70.75,72.0,64,77,1.01
304,aktau,51.2,43.65,71.6,71.6,43,89,8.95
305,ryde,-1.16,50.73,63.48,64.0,77,86,1.01
306,lisakovsk,62.49,52.54,52.74,52.74,60,92,3.94
307,hrubieszow,23.89,50.8,60.33,60.33,68,0,2.77
308,gornyak,81.47,50.99,47.84,47.84,58,56,6.53
309,sol-iletsk,54.99,51.16,57.33,57.33,44,0,9.64
310,ozinki,49.68,51.18,59.22,59.22,46,63,11.14
311,saint anthony,-93.22,45.02,67.62,71.01,55,20,6.93
312,havre-saint-pierre,-63.6,50.23,62.6,62.6,82,90,5.82
313,borodyanka,29.92,50.64,64.2,64.4,88,96,6.71
314,svetlyy,20.13,54.67,59.86,60.8,93,40,4.47
315,matagami,-77.63,49.75,55.4,55.4,66,75,14.2
316,hearst,-83.67,49.68,58.3,58.3,59,61,11.99
317,ostrowiec swietokrzyski,21.39,50.93,67.69,71.01,71,65,5.55
318,penzance,-5.54,50.12,59.16,60.8,87,40,10.29
319,olesno,18.42,50.88,66.52,68.0,79,51,4.68
320,staroaleyskoye,82.0,51.01,45.27,45.27,65,53,3.22
321,dombarovskiy,59.54,50.76,56.08,56.08,42,9,5.73
322,zella-mehlis,10.65,50.65,70.93,72.0,61,80,3.69
323,torbay,-52.73,47.67,68.49,71.01,77,90,27.51
324,atbasar,68.33,51.8,46.6,46.6,69,67,6.89
325,aksu,80.26,41.12,74.55,74.55,23,0,6.17
326,hennef,7.28,50.78,65.17,68.0,88,20,2.24
327,astana,71.45,51.18,50.0,50.0,57,77,6.71
328,ust-kan,84.76,50.93,40.57,40.57,87,75,4.25
329,buchmany,28.04,51.07,58.95,58.95,78,0,5.3
330,novouzensk,48.14,50.46,61.3,61.3,37,16,10.85
331,borisovka,35.99,50.62,73.4,73.4,23,100,15.66
332,jedrzejow,20.3,50.64,65.91,66.99,72,83,1.99
333,shemonaikha,81.91,50.63,46.42,46.42,61,51,5.21
334,lugau,12.75,50.73,70.52,72.0,61,61,8.9
335,nedryhayliv,33.88,50.83,69.12,69.12,56,100,4.56
336,burbach,8.08,50.75,66.18,66.99,88,86,9.17
337,kamenskiy,45.49,50.89,58.24,58.24,50,96,9.1
338,piterka,47.45,50.68,59.7,59.7,41,36,10.0
339,bekhteyevka,37.21,50.81,73.4,73.4,23,100,15.66
340,malinovoye ozero,79.78,51.68,49.41,49.41,62,69,10.6
341,romny,33.47,50.75,67.89,67.89,58,100,4.07
342,wloszczowa,19.97,50.85,65.66,66.99,72,79,1.99
343,osakarovka,72.57,50.56,42.96,42.96,77,75,8.16
344,zamosc,23.25,50.72,68.0,68.0,60,5,9.17
345,bideford,-4.2,51.02,57.67,59.0,85,100,7.0
346,rudnya,31.09,54.95,56.07,56.07,92,100,1.57
347,tongeren,5.46,50.78,66.72,66.99,82,75,5.82
348,rozhyshche,25.27,50.92,63.0,63.0,76,3,4.29
349,honiton,-3.19,50.8,60.13,61.0,75,98,1.99
350,kirchhain,8.97,50.82,70.36,71.01,73,91,3.94
351,straz pod ralskem,14.8,50.7,64.62,68.0,93,75,1.25
352,talalayivka,31.92,50.96,65.16,65.16,82,100,6.69
353,kamienna gora,16.03,50.78,61.07,64.0,70,19,5.32
354,geraldton,114.6,-28.77,46.4,46.4,93,0,1.12
355,eastbourne,0.28,50.77,62.29,63.0,80,53,5.01
356,onguday,86.15,50.75,45.79,45.79,82,82,2.48
357,chute-aux-outardes,-68.4,49.12,64.4,64.4,59,75,16.11
358,benesov nad ploucnici,14.31,50.74,66.56,68.0,88,52,2.08
359,krasnyy kut,46.97,50.95,59.76,59.76,44,57,9.84
360,thunder bay,-89.32,48.4,60.39,62.01,58,75,17.22
361,kielce,20.63,50.87,65.46,66.99,1,91,3.24
362,aksay,39.87,47.26,78.8,78.8,19,100,22.37
363,nizhniy kislyay,40.17,50.85,63.72,63.72,40,100,9.86
364,grodkow,17.38,50.7,66.58,68.0,82,44,3.36
365,nova borova,28.63,50.69,59.45,59.45,76,5,5.88
366,chichester,-0.78,50.84,64.38,64.99,76,84,11.01
367,folkestone,1.18,51.08,64.36,64.99,84,74,5.99
368,ulagan,87.96,50.63,45.81,45.81,81,99,3.09
369,vrchlabi,15.61,50.63,60.69,63.0,93,58,2.19
370,staszow,21.17,50.56,67.73,71.01,52,66,5.86
371,charyshskoye,83.56,51.4,40.82,40.82,80,55,4.59
372,clonakilty,-8.87,51.62,60.03,61.0,67,75,13.87
373,baie-comeau,-68.15,49.22,64.4,64.4,59,75,16.11
374,aqtobe,57.21,50.28,53.6,53.6,40,0,6.15
375,piskivka,29.62,50.69,64.4,64.99,88,83,6.71
376,ilovka,38.64,50.71,67.68,67.68,30,100,11.63
377,hare bay,-54.01,48.85,71.6,71.6,73,75,18.34
378,bobrovytsya,31.38,50.75,64.56,66.0,82,96,11.18
379,krasnyy yar,48.35,46.53,69.4,69.8,60,0,8.95
380,ostrogozhsk,39.08,50.87,66.13,66.13,34,100,9.66
381,dillenburg,8.28,50.73,66.87,69.01,88,92,9.17
382,zmeinogorsk,82.19,51.16,44.37,44.37,67,69,2.39
383,verkhnya syrovatka,34.96,50.83,71.83,71.83,37,100,3.56
384,hauterive,3.45,46.09,86.81,87.8,40,20,1.12
385,semypolky,30.93,50.72,64.85,66.0,82,95,11.18
386,stolberg,6.23,50.77,66.7,68.0,90,91,1.01
387,zeulenroda,11.98,50.65,67.69,69.01,54,61,5.75
388,semey,80.23,50.41,51.22,51.22,51,38,11.65
389,horodyshche,31.45,49.28,67.75,67.75,74,100,8.39
390,severnyy,36.55,50.68,73.4,73.4,23,100,15.66
391,alfter,7.02,50.73,66.07,68.0,88,20,2.24
392,gladenbach,8.57,50.77,70.3,71.01,78,94,1.01
393,sept-iles,-66.38,50.2,60.44,62.01,82,20,10.29
394,proletarskiy,35.77,50.79,73.4,73.4,23,100,15.66
395,myszkow,19.32,50.58,66.11,66.99,77,75,5.82
396,mezibori,13.6,50.62,70.36,73.0,70,54,4.0
397,dergachi,48.77,51.23,58.42,58.42,44,20,9.37
398,nyzy,34.78,50.78,71.13,71.13,43,100,4.92
399,walbrzych,16.28,50.77,62.83,64.0,70,27,6.06
400,teeli,90.23,51.03,53.13,53.13,66,16,4.47
401,solms,9.6,50.77,71.04,73.0,65,79,2.46
402,losevo,40.05,50.68,64.35,64.35,39,100,9.8
403,lebu,-73.65,-37.62,52.21,52.21,59,99,6.82
404,talcahuano,-73.12,-36.72,57.2,57.2,50,75,4.7
405,george,22.46,-33.96,59.0,59.0,77,51,10.29
406,luderitz,15.16,-26.65,58.89,58.89,70,77,7.61
407,laguna,-121.42,38.42,73.0,75.0,60,5,5.35
408,veinticinco de mayo,-60.17,-35.43,66.99,66.99,25,59,3.0
409,beloha,45.05,-25.17,62.38,62.38,71,62,13.4
410,rio grande,-52.1,-32.03,64.0,64.0,66,2,3.0
411,cauquenes,-72.32,-35.97,61.54,61.54,47,73,3.38
412,san rafael,-68.33,-34.62,57.36,57.36,34,47,6.8
413,saldanha,17.94,-33.01,59.0,59.0,82,27,5.82
414,plettenberg bay,23.37,-34.05,61.03,61.03,63,54,8.46
415,bambous virieux,57.76,-20.34,68.0,68.0,77,40,14.99
416,maldonado,-54.92,-34.67,56.57,57.2,67,40,18.34
417,general pico,-63.76,-35.66,62.71,62.71,28,100,4.56
418,nueve de julio,-60.88,-35.44,64.0,64.0,40,70,1.99
419,margate,1.39,51.38,65.25,66.0,68,96,1.99
420,dolores,-57.68,-36.31,59.65,59.65,47,49,11.16
421,rocha,-54.33,-34.48,62.69,62.69,63,12,11.07
422,san clemente,-117.61,33.43,76.98,82.0,88,0,4.0
423,tome,-72.95,-36.62,57.2,57.2,50,78,4.7
424,linares,-71.6,-35.85,60.78,60.78,56,89,3.96
425,santa vitoria do palmar,-53.37,-33.52,61.3,61.3,66,1,8.7
426,richards bay,32.04,-28.78,66.67,66.67,77,0,11.79
427,san vicente,-54.13,-26.62,81.91,81.91,35,0,3.58
428,port shepstone,30.45,-30.74,66.83,66.83,85,11,24.07
429,saint-joseph,55.62,-21.37,62.76,69.8,73,40,11.41
430,constitucion,-72.42,-35.33,56.86,56.86,57,50,5.91
431,knysna,23.05,-34.04,59.0,59.0,77,46,10.29
432,santa rosa,121.11,14.31,80.29,80.6,94,75,2.24
433,brzeg dolny,16.71,51.27,66.97,69.01,82,40,3.36
434,kepno,17.99,51.28,67.15,69.01,79,44,5.59
435,poniatowa,22.13,51.18,67.66,68.0,60,70,9.17
436,kushmurun,64.63,52.45,52.93,52.93,61,98,6.55
437,mednogorsk,57.59,51.41,52.05,52.05,45,9,2.06
438,andover,-1.48,51.21,61.36,62.6,72,99,5.82
439,sarny,26.6,51.34,60.22,60.22,81,7,4.41
440,bakhmach,32.76,51.18,65.55,65.55,80,99,1.07
441,yelan-koleno,41.23,51.15,63.61,63.61,43,100,10.27
442,vestmannaeyjar,-20.27,63.44,50.0,50.0,62,0,19.46
443,rokytne,27.21,51.28,59.45,59.45,85,1,5.17
444,kulykivka,31.65,51.37,63.95,63.95,87,98,5.86
445,kardailovo,53.9,51.54,57.0,57.0,43,0,12.24
446,samoylovka,43.71,51.18,58.37,58.37,52,95,8.9
447,bad sooden-allendorf,9.98,51.28,67.28,68.0,86,47,3.22
448,ereymentau,73.1,51.62,44.15,44.15,75,62,9.28
449,basingstoke,-1.09,51.26,61.43,62.01,72,99,9.17
450,kholm,32.85,59.27,55.76,55.76,95,97,4.52
451,veseloyarsk,81.11,51.28,47.25,47.25,61,44,6.58
452,perelyub,50.37,51.87,58.06,58.06,48,82,11.48
453,ivankiv,29.89,50.94,64.2,64.4,88,91,6.71
454,radom,21.15,51.4,65.55,68.0,77,86,1.01
455,wexford,-6.46,52.33,61.93,63.0,72,75,6.93
456,wielun,18.57,51.22,64.2,66.0,79,72,6.98
457,novoorsk,58.98,51.38,51.8,51.8,40,20,6.71
458,bad langensalza,10.65,51.1,71.01,72.0,64,62,9.17
459,orsk,58.57,51.2,51.8,51.8,40,13,6.71
460,schwelm,7.28,51.28,63.46,66.99,91,61,4.45
461,lublin,23.0,51.0,66.45,68.0,60,19,9.17
462,soloneshnoye,84.32,51.65,41.95,41.95,82,72,4.92
463,druzhba,33.95,52.04,67.6,67.6,54,100,1.92
464,yershov,48.28,51.35,56.7,56.7,48,20,9.71
465,ivnya,36.13,51.06,73.4,73.4,23,100,15.66
466,haverfordwest,-4.97,51.8,58.26,59.0,76,84,5.01
467,opoczno,20.28,51.38,64.0,64.0,84,98,5.12
468,grimma,12.72,51.23,72.66,73.0,73,76,1.01
469,sloboda,40.3,51.14,63.1,63.1,43,100,9.26
470,finnentrop,7.97,51.17,64.09,66.0,87,78,3.0
471,alekseyevka,38.69,50.63,68.58,68.58,30,100,11.54
472,krasnyy oktyabr,38.88,56.12,58.17,58.17,66,96,7.29
473,mokrous,47.52,51.23,58.35,58.35,45,26,10.13
474,gubkin,37.55,51.28,67.35,67.35,33,100,11.12
475,konotop,33.2,51.24,66.04,66.04,75,99,3.6
476,piotrkow trybunalski,19.7,51.41,63.39,64.0,84,95,5.35
477,krasnystaw,23.17,50.98,66.43,68.0,60,15,9.17
478,ilfracombe,-4.11,51.21,58.12,60.01,85,100,7.0
479,kalininsk,44.48,51.5,56.95,56.95,59,79,8.99
480,overpelt,5.41,51.21,65.01,66.2,68,55,1.12
481,holoby,25.01,51.09,63.0,63.0,76,10,3.96
482,bridgwater,-3.0,51.13,61.41,63.0,70,99,3.0
483,korbach,8.87,51.28,68.0,71.6,73,75,2.24
484,niesky,14.82,51.29,68.0,69.01,82,66,5.59
485,nizhyn,31.89,51.05,64.94,64.94,83,100,6.58
486,legnica,16.16,51.21,65.59,68.0,82,37,3.36
487,sevenoaks,0.19,51.27,63.28,64.99,72,40,8.05
488,choya,86.55,52.01,46.98,46.98,88,100,4.92
489,bautzen,14.43,51.18,65.66,68.0,89,60,4.9
490,stepnoye,46.87,51.4,64.0,64.0,36,50,5.01
491,sioux lookout,-91.92,50.1,53.6,53.6,81,75,13.87
492,szydlowiec,20.86,51.23,64.63,66.0,77,85,1.01
493,olesnica,17.39,51.21,67.66,69.01,82,50,3.36
494,luhyny,28.4,51.08,59.43,59.43,76,0,6.33
495,aldershot,-0.76,51.25,62.42,64.0,67,100,8.05
496,canterbury,1.08,51.28,64.4,64.99,64,97,3.0
497,boleslawiec,15.57,51.26,68.0,69.01,77,62,5.99
498,pionki,21.45,51.48,66.4,68.0,41,83,6.53
499,kuvandyk,57.36,51.48,52.47,52.47,48,5,3.47
